min,mean,max,date
21,34,46,'2007-01-01'
41,46,50,'2007-01-02'
30,36,41,'2007-01-03'
24,32,41,'2007-01-04'
23,28,33,'2007-01-05'
28,36,44,'2007-01-06'
24,34,44,'2007-01-07'
28,37,46,'2007-01-08'
30,38,46,'2007-01-09'
28,34,41,'2007-01-10'
32,34,37,'2007-01-11'
33,38,44,'2007-01-12'
30,39,48,'2007-01-13'
26,36,46,'2007-01-14'
30,42,55,'2007-01-15'
23,34,44,'2007-01-16'
23,36,48,'2007-01-17'
39,44,48,'2007-01-18'
46,50,53,'2007-01-19'
33,44,55,'2007-01-20'
30,44,59,'2007-01-21'
30,40,51,'2007-01-22'
32,42,51,'2007-01-23'
42,45,48,'2007-01-24'
32,38,44,'2007-01-25'
33,37,41,'2007-01-26'
30,39,48,'2007-01-27'
24,32,39,'2007-01-28'
23,32,42,'2007-01-29'
28,36,44,'2007-01-30'
24,34,44,'2007-01-31'
24,35,46,'2007-02-01'
28,35,42,'2007-02-02'
24,32,41,'2007-02-03'
26,32,39,'2007-02-04'
23,32,42,'2007-02-05'
21,34,48,'2007-02-06'
26,37,48,'2007-02-07'
39,42,44,'2007-02-08'
37,44,50,'2007-02-09'
41,44,46,'2007-02-10'
35,42,48,'2007-02-11'
32,42,53,'2007-02-12'
37,42,48,'2007-02-13'
32,42,50,'2007-02-14'
28,37,46,'2007-02-15'
37,40,42,'2007-02-16'
37,42,48,'2007-02-17'
35,40,46,'2007-02-18'
35,38,42,'2007-02-19'
37,42,48,'2007-02-20'
32,42,53,'2007-02-21'
32,42,53,'2007-02-22'
37,46,55,'2007-02-23'
39,42,46,'2007-02-24'
35,38,41,'2007-02-25'
37,40,42,'2007-02-26'
32,36,41,'2007-02-27'
28,38,48,'2007-02-28'
37,44,50,'2007-03-01'
46,50,55,'2007-03-02'
46,52,59,'2007-03-03'
41,52,62,'2007-03-04'
32,42,51,'2007-03-05'
32,42,53,'2007-03-06'
32,44,55,'2007-03-07'
41,48,55,'2007-03-08'
37,48,59,'2007-03-09'
39,45,51,'2007-03-10'
41,46,50,'2007-03-11'
33,42,51,'2007-03-12'
35,47,59,'2007-03-13'
33,45,57,'2007-03-14'
32,46,59,'2007-03-15'
33,44,55,'2007-03-16'
32,46,60,'2007-03-17'
30,44,57,'2007-03-18'
32,46,59,'2007-03-19'
39,47,53,'2007-03-20'
35,40,46,'2007-03-21'
35,38,42,'2007-03-22'
35,40,46,'2007-03-23'
37,44,50,'2007-03-24'
37,42,48,'2007-03-25'
35,42,50,'2007-03-26'
39,44,50,'2007-03-27'
37,40,44,'2007-03-28'
39,44,48,'2007-03-29'
37,42,46,'2007-03-30'
35,42,50,'2007-03-31'
35,45,55,'2007-04-01'
37,48,59,'2007-04-02'
37,46,55,'2007-04-03'
35,43,51,'2007-04-04'
39,46,53,'2007-04-05'
33,44,55,'2007-04-06'
33,46,59,'2007-04-07'
41,52,62,'2007-04-08'
39,50,60,'2007-04-09'
33,50,66,'2007-04-10'
35,50,66,'2007-04-11'
39,50,62,'2007-04-12'
35,50,64,'2007-04-13'
41,54,68,'2007-04-14'
41,54,66,'2007-04-15'
42,50,59,'2007-04-16'
37,44,51,'2007-04-17'
32,48,64,'2007-04-18'
37,50,64,'2007-04-19'
41,52,64,'2007-04-20'
39,56,73,'2007-04-21'
42,56,71,'2007-04-22'
48,57,66,'2007-04-23'
41,56,71,'2007-04-24'
50,54,59,'2007-04-25'
42,50,57,'2007-04-26'
42,48,55,'2007-04-27'
41,52,62,'2007-04-28'
35,50,64,'2007-04-29'
37,52,68,'2007-04-30'
48,56,64,'2007-05-01'
48,52,57,'2007-05-02'
46,53,60,'2007-05-03'
48,55,62,'2007-05-04'
44,55,66,'2007-05-05'
53,63,73,'2007-05-06'
48,58,69,'2007-05-07'
42,56,69,'2007-05-08'
42,58,73,'2007-05-09'
48,60,73,'2007-05-10'
48,62,75,'2007-05-11'
44,60,77,'2007-05-12'
48,63,78,'2007-05-13'
50,65,80,'2007-05-14'
51,66,80,'2007-05-15'
46,62,77,'2007-05-16'
46,58,69,'2007-05-17'
46,55,64,'2007-05-18'
50,59,68,'2007-05-19'
50,57,64,'2007-05-20'
50,58,66,'2007-05-21'
48,60,71,'2007-05-22'
50,60,71,'2007-05-23'
53,60,68,'2007-05-24'
48,60,71,'2007-05-25'
50,60,71,'2007-05-26'
48,62,77,'2007-05-27'
55,65,75,'2007-05-28'
55,60,64,'2007-05-29'
48,56,64,'2007-05-30'
41,55,69,'2007-05-31'
41,55,69,'2007-06-01'
44,58,73,'2007-06-02'
50,62,75,'2007-06-03'
53,64,75,'2007-06-04'
55,60,64,'2007-06-05'
51,58,66,'2007-06-06'
48,60,73,'2007-06-07'
53,60,68,'2007-06-08'
53,62,71,'2007-06-09'
48,60,73,'2007-06-10'
50,62,73,'2007-06-11'
48,62,75,'2007-06-12'
48,62,77,'2007-06-13'
50,62,75,'2007-06-14'
51,64,78,'2007-06-15'
51,64,77,'2007-06-16'
50,64,78,'2007-06-17'
50,66,82,'2007-06-18'
51,68,84,'2007-06-19'
55,70,84,'2007-06-20'
59,72,86,'2007-06-21'
55,72,89,'2007-06-22'
57,74,91,'2007-06-23'
55,72,89,'2007-06-24'
55,74,93,'2007-06-25'
55,74,93,'2007-06-26'
53,68,82,'2007-06-27'
57,68,78,'2007-06-28'
48,63,78,'2007-06-29'
55,66,78,'2007-06-30'
50,65,80,'2007-07-01'
53,68,82,'2007-07-02'
51,66,80,'2007-07-03'
51,66,82,'2007-07-04'
55,66,75,'2007-07-05'
46,60,75,'2007-07-06'
48,65,82,'2007-07-07'
51,68,86,'2007-07-08'
53,70,86,'2007-07-09'
53,70,87,'2007-07-10'
51,66,80,'2007-07-11'
46,60,75,'2007-07-12'
51,64,77,'2007-07-13'
50,65,80,'2007-07-14'
51,66,80,'2007-07-15'
55,70,86,'2007-07-16'
55,71,87,'2007-07-17'
57,72,87,'2007-07-18'
59,73,87,'2007-07-19'
55,71,87,'2007-07-20'
57,72,87,'2007-07-21'
59,74,89,'2007-07-22'
57,76,95,'2007-07-23'
59,78,98,'2007-07-24'
57,74,91,'2007-07-25'
64,75,86,'2007-07-26'
59,72,86,'2007-07-27'
60,72,84,'2007-07-28'
59,72,86,'2007-07-29'
60,74,89,'2007-07-30'
60,71,82,'2007-07-31'
53,66,80,'2007-08-01'
57,68,80,'2007-08-02'
57,70,82,'2007-08-03'
57,70,82,'2007-08-04'
50,56,62,'2007-08-05'
50,55,60,'2007-08-06'
51,62,73,'2007-08-07'
51,66,82,'2007-08-08'
50,67,84,'2007-08-09'
53,68,82,'2007-08-10'
60,68,75,'2007-08-11'
51,63,75,'2007-08-12'
48,64,80,'2007-08-13'
53,66,80,'2007-08-14'
57,70,84,'2007-08-15'
55,70,84,'2007-08-16'
59,72,86,'2007-08-17'
59,72,84,'2007-08-18'
57,70,84,'2007-08-19'
59,72,86,'2007-08-20'
57,72,86,'2007-08-21'
55,72,89,'2007-08-22'
59,75,91,'2007-08-23'
62,78,95,'2007-08-24'
66,78,89,'2007-08-25'
59,72,86,'2007-08-26'
62,74,82,'2007-08-27'
55,66,78,'2007-08-28'
53,68,82,'2007-08-29'
51,69,87,'2007-08-30'
55,73,91,'2007-08-31'
55,70,86,'2007-09-01'
59,68,77,'2007-09-02'
57,67,77,'2007-09-03'
44,60,77,'2007-09-04'
46,57,68,'2007-09-05'
37,48,60,'2007-09-06'
37,44,51,'2007-09-07'
37,50,62,'2007-09-08'
42,55,68,'2007-09-09'
44,56,69,'2007-09-10'
44,58,73,'2007-09-11'
50,59,68,'2007-09-12'
41,54,68,'2007-09-13'
44,56,69,'2007-09-14'
41,56,71,'2007-09-15'
48,60,73,'2007-09-16'
42,58,73,'2007-09-17'
48,62,77,'2007-09-18'
50,64,78,'2007-09-19'
51,56,62,'2007-09-20'
51,58,64,'2007-09-21'
48,59,68,'2007-09-22'
41,54,68,'2007-09-23'
39,55,71,'2007-09-24'
41,55,69,'2007-09-25'
51,58,66,'2007-09-26'
55,63,71,'2007-09-27'
51,63,75,'2007-09-28'
50,63,75,'2007-09-29'
46,58,69,'2007-09-30'
55,65,75,'2007-10-01'
50,59,68,'2007-10-02'
42,56,69,'2007-10-03'
42,56,71,'2007-10-04'
48,60,73,'2007-10-05'
46,60,73,'2007-10-06'
50,58,66,'2007-10-07'
53,60,66,'2007-10-08'
51,60,68,'2007-10-09'
53,58,64,'2007-10-10'
51,56,62,'2007-10-11'
51,56,62,'2007-10-12'
48,54,59,'2007-10-13'
35,43,51,'2007-10-14'
33,43,53,'2007-10-15'
32,46,60,'2007-10-16'
33,48,64,'2007-10-17'
35,48,62,'2007-10-18'
39,49,59,'2007-10-19'
32,37,42,'2007-10-20'
32,38,44,'2007-10-21'
39,44,50,'2007-10-22'
35,43,51,'2007-10-23'
42,48,53,'2007-10-24'
37,47,57,'2007-10-25'
41,49,57,'2007-10-26'
48,55,62,'2007-10-27'
46,52,57,'2007-10-28'
41,48,55,'2007-10-29'
37,46,55,'2007-10-30'
48,55,62,'2007-10-31'
48,54,59,'2007-11-01'
44,50,57,'2007-11-02'
42,50,57,'2007-11-03'
42,46,51,'2007-11-04'
35,42,48,'2007-11-05'
32,40,48,'2007-11-06'
28,39,48,'2007-11-07'
26,38,50,'2007-11-08'
26,38,51,'2007-11-09'
28,40,50,'2007-11-10'
28,39,50,'2007-11-11'
33,42,50,'2007-11-12'
28,36,42,'2007-11-13'
28,37,46,'2007-11-14'
35,42,48,'2007-11-15'
32,42,51,'2007-11-16'
35,38,42,'2007-11-17'
30,38,46,'2007-11-18'
28,34,41,'2007-11-19'
28,36,44,'2007-11-20'
26,35,44,'2007-11-21'
32,40,48,'2007-11-22'
30,39,48,'2007-11-23'
32,41,50,'2007-11-24'
32,44,55,'2007-11-25'
41,49,57,'2007-11-26'
32,42,50,'2007-11-27'
32,36,39,'2007-11-28'
33,38,42,'2007-11-29'
37,40,44,'2007-11-30'
32,41,50,'2007-12-01'
28,39,50,'2007-12-02'
30,40,50,'2007-12-03'
32,40,48,'2007-12-04'
30,36,42,'2007-12-05'
28,37,46,'2007-12-06'
28,36,44,'2007-12-07'
28,38,48,'2007-12-08'
37,40,42,'2007-12-09'
37,42,46,'2007-12-10'
35,40,44,'2007-12-11'
37,40,42,'2007-12-12'
32,37,42,'2007-12-13'
23,28,33,'2007-12-14'
21,24,28,'2007-12-15'
12,20,28,'2007-12-16'
24,28,33,'2007-12-17'
30,34,37,'2007-12-18'
23,28,33,'2007-12-19'
21,27,33,'2007-12-20'
21,28,35,'2007-12-21'
24,28,32,'2007-12-22'
24,27,30,'2007-12-23'
26,32,39,'2007-12-24'
32,37,42,'2007-12-25'
32,36,41,'2007-12-26'
32,36,39,'2007-12-27'
32,36,41,'2007-12-28'
28,36,41,'2007-12-29'
24,30,37,'2007-12-30'
21,29,37,'2007-12-31'
15,22,28,'2008-01-01'
12,18,24,'2008-01-02'
6,19,32,'2008-01-03'
15,24,33,'2008-01-04'
30,32,33,'2008-01-05'
32,37,42,'2008-01-06'
32,39,46,'2008-01-07'
30,37,44,'2008-01-08'
26,35,44,'2008-01-09'
26,32,39,'2008-01-10'
28,34,41,'2008-01-11'
30,32,35,'2008-01-12'
30,34,39,'2008-01-13'
32,37,42,'2008-01-14'
28,35,42,'2008-01-15'
30,37,44,'2008-01-16'
33,38,42,'2008-01-17'
30,38,46,'2008-01-18'
26,34,42,'2008-01-19'
30,38,46,'2008-01-20'
28,34,39,'2008-01-21'
30,38,46,'2008-01-22'
32,36,41,'2008-01-23'
28,34,39,'2008-01-24'
23,32,41,'2008-01-25'
26,37,48,'2008-01-26'
23,36,48,'2008-01-27'
28,34,41,'2008-01-28'
19,29,39,'2008-01-29'
17,29,41,'2008-01-30'
23,34,46,'2008-01-31'
30,39,48,'2008-02-01'
28,37,46,'2008-02-02'
33,38,44,'2008-02-03'
32,40,48,'2008-02-04'
35,42,50,'2008-02-05'
32,39,46,'2008-02-06'
28,35,42,'2008-02-07'
33,37,41,'2008-02-08'
30,34,39,'2008-02-09'
26,32,37,'2008-02-10'
28,35,42,'2008-02-11'
26,32,37,'2008-02-12'
19,29,39,'2008-02-13'
19,30,42,'2008-02-14'
21,34,48,'2008-02-15'
19,26,32,'2008-02-16'
14,19,24,'2008-02-17'
8,22,35,'2008-02-18'
19,34,48,'2008-02-19'
21,36,50,'2008-02-20'
28,37,46,'2008-02-21'
32,40,48,'2008-02-22'
32,42,51,'2008-02-23'
30,42,53,'2008-02-24'
30,42,53,'2008-02-25'
30,42,53,'2008-02-26'
32,44,55,'2008-02-27'
32,42,51,'2008-02-28'
30,40,51,'2008-02-29'
28,40,53,'2008-03-01'
33,45,57,'2008-03-02'
32,47,62,'2008-03-03'
30,45,60,'2008-03-04'
35,50,66,'2008-03-05'
41,50,59,'2008-03-06'
35,43,51,'2008-03-07'
35,42,48,'2008-03-08'
32,40,48,'2008-03-09'
37,44,51,'2008-03-10'
39,42,44,'2008-03-11'
33,43,53,'2008-03-12'
32,42,51,'2008-03-13'
28,40,53,'2008-03-14'
30,44,59,'2008-03-15'
30,42,55,'2008-03-16'
39,47,55,'2008-03-17'
39,44,48,'2008-03-18'
33,40,46,'2008-03-19'
33,38,44,'2008-03-20'
37,42,48,'2008-03-21'
41,46,50,'2008-03-22'
37,48,60,'2008-03-23'
35,43,51,'2008-03-24'
32,36,39,'2008-03-25'
30,38,46,'2008-03-26'
33,42,51,'2008-03-27'
39,45,51,'2008-03-28'
35,45,55,'2008-03-29'
32,44,57,'2008-03-30'
28,44,60,'2008-03-31'
30,42,55,'2008-04-01'
32,44,55,'2008-04-02'
35,42,50,'2008-04-03'
37,40,44,'2008-04-04'
39,42,46,'2008-04-05'
35,43,51,'2008-04-06'
39,49,59,'2008-04-07'
32,46,60,'2008-04-08'
44,48,51,'2008-04-09'
39,52,66,'2008-04-10'
53,66,80,'2008-04-11'
46,60,73,'2008-04-12'
51,58,66,'2008-04-13'
42,48,53,'2008-04-14'
33,44,55,'2008-04-15'
41,47,53,'2008-04-16'
32,42,51,'2008-04-17'
42,53,64,'2008-04-18'
39,50,60,'2008-04-19'
41,56,71,'2008-04-20'
42,56,69,'2008-04-21'
44,52,60,'2008-04-22'
42,48,55,'2008-04-23'
37,48,60,'2008-04-24'
44,52,60,'2008-04-25'
42,48,53,'2008-04-26'
41,49,57,'2008-04-27'
35,47,59,'2008-04-28'
33,46,59,'2008-04-29'
37,50,62,'2008-04-30'
39,54,69,'2008-05-01'
39,55,71,'2008-05-02'
48,58,69,'2008-05-03'
42,54,66,'2008-05-04'
41,52,64,'2008-05-05'
42,48,53,'2008-05-06'
41,49,57,'2008-05-07'
37,50,64,'2008-05-08'
37,50,64,'2008-05-09'
44,56,68,'2008-05-10'
42,53,64,'2008-05-11'
42,54,66,'2008-05-12'
50,59,68,'2008-05-13'
46,52,57,'2008-05-14'
37,50,64,'2008-05-15'
39,54,69,'2008-05-16'
44,58,73,'2008-05-17'
48,62,77,'2008-05-18'
48,64,80,'2008-05-19'
50,62,73,'2008-05-20'
46,58,71,'2008-05-21'
44,56,68,'2008-05-22'
51,58,66,'2008-05-23'
41,56,71,'2008-05-24'
42,58,73,'2008-05-25'
46,62,77,'2008-05-26'
50,65,80,'2008-05-27'
53,68,84,'2008-05-28'
51,66,80,'2008-05-29'
57,70,82,'2008-05-30'
51,64,78,'2008-05-31'
50,64,78,'2008-06-01'
57,66,75,'2008-06-02'
51,62,73,'2008-06-03'
53,61,69,'2008-06-04'
51,61,71,'2008-06-05'
44,56,69,'2008-06-06'
44,55,66,'2008-06-07'
50,60,68,'2008-06-08'
50,59,68,'2008-06-09'
50,62,75,'2008-06-10'
50,64,77,'2008-06-11'
48,62,77,'2008-06-12'
50,60,69,'2008-06-13'
46,58,71,'2008-06-14'
51,61,71,'2008-06-15'
42,58,75,'2008-06-16'
46,64,82,'2008-06-17'
53,70,87,'2008-06-18'
50,66,82,'2008-06-19'
60,72,84,'2008-06-20'
55,70,84,'2008-06-21'
57,70,82,'2008-06-22'
55,70,84,'2008-06-23'
57,72,86,'2008-06-24'
57,72,86,'2008-06-25'
60,72,84,'2008-06-26'
59,72,84,'2008-06-27'
57,72,86,'2008-06-28'
62,78,93,'2008-06-29'
60,72,84,'2008-06-30'
64,76,87,'2008-07-01'
62,73,84,'2008-07-02'
59,72,86,'2008-07-03'
53,70,86,'2008-07-04'
53,70,87,'2008-07-05'
57,70,82,'2008-07-06'
55,72,89,'2008-07-07'
55,72,89,'2008-07-08'
55,70,84,'2008-07-09'
60,72,84,'2008-07-10'
59,72,84,'2008-07-11'
57,72,86,'2008-07-12'
57,72,87,'2008-07-13'
59,76,93,'2008-07-14'
62,71,80,'2008-07-15'
50,62,75,'2008-07-16'
51,64,78,'2008-07-17'
51,68,86,'2008-07-18'
57,72,86,'2008-07-19'
59,74,89,'2008-07-20'
57,72,87,'2008-07-21'
57,72,87,'2008-07-22'
50,59,68,'2008-07-23'
51,58,66,'2008-07-24'
53,62,71,'2008-07-25'
57,67,77,'2008-07-26'
57,68,78,'2008-07-27'
53,66,80,'2008-07-28'
57,70,82,'2008-07-29'
55,68,82,'2008-07-30'
59,72,84,'2008-07-31'
57,70,84,'2008-08-01'
59,70,82,'2008-08-02'
57,72,87,'2008-08-03'
59,70,82,'2008-08-04'
55,70,86,'2008-08-05'
60,74,89,'2008-08-06'
64,76,89,'2008-08-07'
59,72,86,'2008-08-08'
59,74,89,'2008-08-09'
62,70,77,'2008-08-10'
57,68,80,'2008-08-11'
51,68,84,'2008-08-12'
57,72,87,'2008-08-13'
55,72,89,'2008-08-14'
57,72,87,'2008-08-15'
57,72,87,'2008-08-16'
50,67,84,'2008-08-17'
50,65,80,'2008-08-18'
60,72,84,'2008-08-19'
55,71,87,'2008-08-20'
57,73,89,'2008-08-21'
59,73,87,'2008-08-22'
57,73,89,'2008-08-23'
53,70,87,'2008-08-24'
50,67,84,'2008-08-25'
57,72,87,'2008-08-26'
60,74,84,'2008-08-27'
57,70,82,'2008-08-28'
53,64,75,'2008-08-29'
53,65,77,'2008-08-30'
57,68,80,'2008-08-31'
55,66,78,'2008-09-01'
57,68,78,'2008-09-02'
53,66,80,'2008-09-03'
51,66,82,'2008-09-04'
53,70,87,'2008-09-05'
51,68,84,'2008-09-06'
53,71,89,'2008-09-07'
57,73,89,'2008-09-08'
57,72,87,'2008-09-09'
64,72,80,'2008-09-10'
55,68,80,'2008-09-11'
51,69,87,'2008-09-12'
59,70,82,'2008-09-13'
57,60,64,'2008-09-14'
59,64,69,'2008-09-15'
50,60,69,'2008-09-16'
48,55,60,'2008-09-17'
41,52,64,'2008-09-18'
42,52,62,'2008-09-19'
46,52,59,'2008-09-20'
41,50,60,'2008-09-21'
44,52,59,'2008-09-22'
44,53,62,'2008-09-23'
46,52,57,'2008-09-24'
48,52,55,'2008-09-25'
46,55,64,'2008-09-26'
48,54,60,'2008-09-27'
46,52,59,'2008-09-28'
44,52,59,'2008-09-29'
37,50,64,'2008-09-30'
41,52,64,'2008-10-01'
44,52,60,'2008-10-02'
50,58,66,'2008-10-03'
48,60,71,'2008-10-04'
42,50,57,'2008-10-05'
35,48,60,'2008-10-06'
37,52,66,'2008-10-07'
41,54,68,'2008-10-08'
42,53,64,'2008-10-09'
42,54,66,'2008-10-10'
42,56,69,'2008-10-11'
42,56,69,'2008-10-12'
44,55,66,'2008-10-13'
41,54,66,'2008-10-14'
41,52,64,'2008-10-15'
42,58,73,'2008-10-16'
41,54,66,'2008-10-17'
44,55,66,'2008-10-18'
46,56,66,'2008-10-19'
42,53,64,'2008-10-20'
42,53,64,'2008-10-21'
42,53,64,'2008-10-22'
41,52,62,'2008-10-23'
42,52,62,'2008-10-24'
46,55,64,'2008-10-25'
46,52,59,'2008-10-26'
37,48,60,'2008-10-27'
35,50,64,'2008-10-28'
46,55,64,'2008-10-29'
46,58,69,'2008-10-30'
50,60,71,'2008-10-31'
51,60,69,'2008-11-01'
44,56,69,'2008-11-02'
42,52,62,'2008-11-03'
42,54,66,'2008-11-04'
46,56,66,'2008-11-05'
46,54,62,'2008-11-06'
42,52,62,'2008-11-07'
46,52,59,'2008-11-08'
44,52,59,'2008-11-09'
41,50,59,'2008-11-10'
35,45,55,'2008-11-11'
33,45,57,'2008-11-12'
32,44,57,'2008-11-13'
42,46,51,'2008-11-14'
48,54,59,'2008-11-15'
46,52,57,'2008-11-16'
41,48,55,'2008-11-17'
32,36,41,'2008-11-18'
32,40,48,'2008-11-19'
28,40,53,'2008-11-20'
46,50,53,'2008-11-21'
24,38,51,'2008-11-22'
23,30,37,'2008-11-23'
28,34,41,'2008-11-24'
37,47,57,'2008-11-25'
35,45,55,'2008-11-26'
30,39,48,'2008-11-27'
26,36,46,'2008-11-28'
41,44,46,'2008-11-29'
35,46,57,'2008-11-30'
35,46,57,'2008-12-01'
41,48,55,'2008-12-02'
42,50,57,'2008-12-03'
44,52,60,'2008-12-04'
41,47,53,'2008-12-05'
46,50,53,'2008-12-06'
33,42,50,'2008-12-07'
28,36,44,'2008-12-08'
24,32,41,'2008-12-09'
23,34,44,'2008-12-10'
30,37,44,'2008-12-11'
41,44,46,'2008-12-12'
35,42,48,'2008-12-13'
39,45,51,'2008-12-14'
35,43,51,'2008-12-15'
39,46,53,'2008-12-16'
41,46,51,'2008-12-17'
41,46,51,'2008-12-18'
37,42,46,'2008-12-19'
30,38,46,'2008-12-20'
28,37,46,'2008-12-21'
30,36,41,'2008-12-22'
24,35,46,'2008-12-23'
21,30,39,'2008-12-24'
19,28,37,'2008-12-25'
24,28,32,'2008-12-26'
26,30,33,'2008-12-27'
26,30,35,'2008-12-28'
21,28,33,'2008-12-29'
17,25,33,'2008-12-30'
14,24,35,'2008-12-31'
19,28,37,'2009-01-01'
32,37,42,'2009-01-02'
23,28,33,'2009-01-03'
23,24,26,'2009-01-04'
19,26,32,'2009-01-05'
19,26,32,'2009-01-06'
19,30,41,'2009-01-07'
32,36,39,'2009-01-08'
28,32,37,'2009-01-09'
19,29,37,'2009-01-10'
15,28,41,'2009-01-11'
21,31,41,'2009-01-12'
26,32,41,'2009-01-13'
35,40,44,'2009-01-14'
35,42,48,'2009-01-15'
32,39,46,'2009-01-16'
26,34,42,'2009-01-17'
24,36,48,'2009-01-18'
33,42,48,'2009-01-19'
30,42,53,'2009-01-20'
42,46,51,'2009-01-21'
46,50,53,'2009-01-22'
37,42,48,'2009-01-23'
39,44,50,'2009-01-24'
35,42,50,'2009-01-25'
32,40,48,'2009-01-26'
32,39,46,'2009-01-27'
32,39,46,'2009-01-28'
32,40,48,'2009-01-29'
33,37,41,'2009-01-30'
32,34,37,'2009-01-31'
33,38,42,'2009-02-01'
39,42,46,'2009-02-02'
33,43,53,'2009-02-03'
42,46,51,'2009-02-04'
37,44,50,'2009-02-05'
33,42,51,'2009-02-06'
33,46,59,'2009-02-07'
35,42,48,'2009-02-08'
33,40,46,'2009-02-09'
28,37,46,'2009-02-10'
33,40,48,'2009-02-11'
30,36,41,'2009-02-12'
28,32,37,'2009-02-13'
26,30,35,'2009-02-14'
23,29,35,'2009-02-15'
21,28,35,'2009-02-16'
19,29,39,'2009-02-17'
32,36,39,'2009-02-18'
24,30,37,'2009-02-19'
23,29,35,'2009-02-20'
21,29,37,'2009-02-21'
23,28,32,'2009-02-22'
17,27,37,'2009-02-23'
21,31,41,'2009-02-24'
26,34,42,'2009-02-25'
24,35,46,'2009-02-26'
23,34,46,'2009-02-27'
28,39,50,'2009-02-28'
24,38,53,'2009-03-01'
32,39,46,'2009-03-02'
37,45,53,'2009-03-03'
41,48,55,'2009-03-04'
42,46,51,'2009-03-05'
33,40,48,'2009-03-06'
35,42,50,'2009-03-07'
32,41,50,'2009-03-08'
28,40,53,'2009-03-09'
32,39,46,'2009-03-10'
28,35,42,'2009-03-11'
32,38,44,'2009-03-12'
26,37,48,'2009-03-13'
30,40,51,'2009-03-14'
24,37,50,'2009-03-15'
32,44,55,'2009-03-16'
35,43,51,'2009-03-17'
28,35,42,'2009-03-18'
24,35,46,'2009-03-19'
30,34,37,'2009-03-20'
30,34,37,'2009-03-21'
32,34,37,'2009-03-22'
24,35,46,'2009-03-23'
23,36,50,'2009-03-24'
33,40,48,'2009-03-25'
28,36,42,'2009-03-26'
26,38,50,'2009-03-27'
28,44,59,'2009-03-28'
41,49,57,'2009-03-29'
48,58,69,'2009-03-30'
48,54,60,'2009-03-31'
46,56,66,'2009-04-01'
48,57,66,'2009-04-02'
46,52,57,'2009-04-03'
41,52,64,'2009-04-04'
39,54,69,'2009-04-05'
42,52,62,'2009-04-06'
35,48,60,'2009-04-07'
35,48,60,'2009-04-08'
37,50,64,'2009-04-09'
37,52,66,'2009-04-10'
37,50,64,'2009-04-11'
39,50,62,'2009-04-12'
42,46,50,'2009-04-13'
42,46,51,'2009-04-14'
41,48,55,'2009-04-15'
33,46,60,'2009-04-16'
39,52,66,'2009-04-17'
41,54,66,'2009-04-18'
48,58,69,'2009-04-19'
48,56,64,'2009-04-20'
50,54,57,'2009-04-21'
46,50,53,'2009-04-22'
42,50,57,'2009-04-23'
41,50,59,'2009-04-24'
37,50,64,'2009-04-25'
37,48,60,'2009-04-26'
42,51,60,'2009-04-27'
44,48,53,'2009-04-28'
42,48,53,'2009-04-29'
44,52,59,'2009-04-30'
42,48,53,'2009-05-01'
37,48,60,'2009-05-02'
44,52,60,'2009-05-03'
44,52,60,'2009-05-04'
41,50,60,'2009-05-05'
41,52,64,'2009-05-06'
41,52,64,'2009-05-07'
37,52,66,'2009-05-08'
42,58,73,'2009-05-09'
46,60,73,'2009-05-10'
46,60,73,'2009-05-11'
44,58,73,'2009-05-12'
44,60,75,'2009-05-13'
48,64,80,'2009-05-14'
50,64,78,'2009-05-15'
48,60,73,'2009-05-16'
55,66,77,'2009-05-17'
53,64,75,'2009-05-18'
51,62,73,'2009-05-19'
50,65,80,'2009-05-20'
55,66,78,'2009-05-21'
50,62,75,'2009-05-22'
50,64,78,'2009-05-23'
51,64,78,'2009-05-24'
51,66,82,'2009-05-25'
53,66,78,'2009-05-26'
53,64,75,'2009-05-27'
51,61,71,'2009-05-28'
48,56,64,'2009-05-29'
42,52,62,'2009-05-30'
39,56,73,'2009-05-31'
50,60,71,'2009-06-01'
51,62,73,'2009-06-02'
50,57,64,'2009-06-03'
46,58,69,'2009-06-04'
46,60,75,'2009-06-05'
48,63,78,'2009-06-06'
50,66,82,'2009-06-07'
51,66,80,'2009-06-08'
51,66,80,'2009-06-09'
55,70,84,'2009-06-10'
53,66,80,'2009-06-11'
50,64,78,'2009-06-12'
53,64,75,'2009-06-13'
50,62,75,'2009-06-14'
48,63,78,'2009-06-15'
50,66,82,'2009-06-16'
53,70,87,'2009-06-17'
60,68,75,'2009-06-18'
53,65,77,'2009-06-19'
55,68,80,'2009-06-20'
51,62,73,'2009-06-21'
53,60,68,'2009-06-22'
48,58,68,'2009-06-23'
48,56,64,'2009-06-24'
51,60,69,'2009-06-25'
51,61,71,'2009-06-26'
55,64,73,'2009-06-27'
51,63,75,'2009-06-28'
51,64,77,'2009-06-29'
55,65,75,'2009-06-30'
55,64,73,'2009-07-01'
55,65,75,'2009-07-02'
55,66,77,'2009-07-03'
59,68,77,'2009-07-04'
59,68,77,'2009-07-05'
57,67,77,'2009-07-06'
55,66,78,'2009-07-07'
55,68,82,'2009-07-08'
55,68,82,'2009-07-09'
55,68,82,'2009-07-10'
51,62,73,'2009-07-11'
53,64,75,'2009-07-12'
46,62,77,'2009-07-13'
53,66,80,'2009-07-14'
53,68,84,'2009-07-15'
59,73,87,'2009-07-16'
64,74,84,'2009-07-17'
60,74,87,'2009-07-18'
59,70,80,'2009-07-19'
59,70,80,'2009-07-20'
57,68,80,'2009-07-21'
55,68,82,'2009-07-22'
53,70,86,'2009-07-23'
57,73,89,'2009-07-24'
59,76,93,'2009-07-25'
57,70,82,'2009-07-26'
57,68,80,'2009-07-27'
53,68,82,'2009-07-28'
55,70,84,'2009-07-29'
64,74,84,'2009-07-30'
64,76,87,'2009-07-31'
59,72,84,'2009-08-01'
57,72,86,'2009-08-02'
57,72,87,'2009-08-03'
53,70,87,'2009-08-04'
57,70,82,'2009-08-05'
60,69,78,'2009-08-06'
59,70,80,'2009-08-07'
57,70,82,'2009-08-08'
57,68,78,'2009-08-09'
57,68,78,'2009-08-10'
57,70,82,'2009-08-11'
60,69,78,'2009-08-12'
53,66,78,'2009-08-13'
57,67,75,'2009-08-14'
53,68,82,'2009-08-15'
59,70,80,'2009-08-16'
57,68,80,'2009-08-17'
59,72,84,'2009-08-18'
60,73,86,'2009-08-19'
62,74,86,'2009-08-20'
57,70,84,'2009-08-21'
57,72,86,'2009-08-22'
59,72,84,'2009-08-23'
64,71,78,'2009-08-24'
55,68,80,'2009-08-25'
53,66,80,'2009-08-26'
53,68,82,'2009-08-27'
55,68,82,'2009-08-28'
59,72,84,'2009-08-29'
60,69,78,'2009-08-30'
57,68,80,'2009-08-31'
55,66,78,'2009-09-01'
53,68,82,'2009-09-02'
53,68,84,'2009-09-03'
53,68,82,'2009-09-04'
55,71,87,'2009-09-05'
57,64,71,'2009-09-06'
55,62,68,'2009-09-07'
50,60,69,'2009-09-08'
53,63,73,'2009-09-09'
53,65,77,'2009-09-10'
53,63,73,'2009-09-11'
55,60,66,'2009-09-12'
55,63,71,'2009-09-13'
51,60,69,'2009-09-14'
51,62,73,'2009-09-15'
53,65,77,'2009-09-16'
55,65,73,'2009-09-17'
51,61,71,'2009-09-18'
55,65,75,'2009-09-19'
55,73,89,'2009-09-20'
50,60,71,'2009-09-21'
48,58,69,'2009-09-22'
46,58,71,'2009-09-23'
46,58,71,'2009-09-24'
57,66,75,'2009-09-25'
57,63,69,'2009-09-26'
53,61,69,'2009-09-27'
46,58,69,'2009-09-28'
44,58,73,'2009-09-29'
46,58,71,'2009-09-30'
46,60,75,'2009-10-01'
46,56,66,'2009-10-02'
50,54,57,'2009-10-03'
48,57,66,'2009-10-04'
44,56,68,'2009-10-05'
46,58,69,'2009-10-06'
46,58,69,'2009-10-07'
46,60,73,'2009-10-08'
46,58,71,'2009-10-09'
46,60,75,'2009-10-10'
48,60,73,'2009-10-11'
55,60,64,'2009-10-12'
39,52,64,'2009-10-13'
30,42,53,'2009-10-14'
28,42,55,'2009-10-15'
39,42,46,'2009-10-16'
35,47,59,'2009-10-17'
41,46,50,'2009-10-18'
41,50,60,'2009-10-19'
41,50,59,'2009-10-20'
33,46,60,'2009-10-21'
39,50,62,'2009-10-22'
51,55,59,'2009-10-23'
51,55,59,'2009-10-24'
55,58,62,'2009-10-25'
51,58,64,'2009-10-26'
48,56,64,'2009-10-27'
46,54,62,'2009-10-28'
41,49,57,'2009-10-29'
39,46,53,'2009-10-30'
35,42,48,'2009-10-31'
32,41,50,'2009-11-01'
26,37,48,'2009-11-02'
33,38,42,'2009-11-03'
32,42,51,'2009-11-04'
41,50,59,'2009-11-05'
50,55,60,'2009-11-06'
51,54,57,'2009-11-07'
51,54,57,'2009-11-08'
46,50,55,'2009-11-09'
41,46,51,'2009-11-10'
41,46,51,'2009-11-11'
35,45,53,'2009-11-12'
30,42,53,'2009-11-13'
32,42,51,'2009-11-14'
32,44,57,'2009-11-15'
39,49,59,'2009-11-16'
35,47,59,'2009-11-17'
33,48,62,'2009-11-18'
35,46,57,'2009-11-19'
32,44,55,'2009-11-20'
30,42,53,'2009-11-21'
32,44,55,'2009-11-22'
32,44,57,'2009-11-23'
30,42,53,'2009-11-24'
33,44,55,'2009-11-25'
32,42,53,'2009-11-26'
30,42,53,'2009-11-27'
39,47,55,'2009-11-28'
33,44,55,'2009-11-29'
32,44,55,'2009-11-30'
41,50,59,'2009-12-01'
42,50,57,'2009-12-02'
44,48,53,'2009-12-03'
37,44,51,'2009-12-04'
39,44,50,'2009-12-05'
32,40,48,'2009-12-06'
32,41,50,'2009-12-07'
35,43,51,'2009-12-08'
37,42,48,'2009-12-09'
37,40,42,'2009-12-10'
33,40,46,'2009-12-11'
32,34,37,'2009-12-12'
32,34,37,'2009-12-13'
33,37,41,'2009-12-14'
37,42,46,'2009-12-15'
39,44,48,'2009-12-16'
39,42,46,'2009-12-17'
28,34,41,'2009-12-18'
24,28,32,'2009-12-19'
32,36,41,'2009-12-20'
26,32,37,'2009-12-21'
24,30,35,'2009-12-22'
33,44,55,'2009-12-23'
35,48,60,'2009-12-24'
48,52,57,'2009-12-25'
46,52,59,'2009-12-26'
46,52,57,'2009-12-27'
35,42,50,'2009-12-28'
35,40,44,'2009-12-29'
35,40,46,'2009-12-30'
44,52,60,'2009-12-31'
42,48,55,'2010-01-01'
41,44,46,'2010-01-02'
30,36,41,'2010-01-03'
23,28,33,'2010-01-04'
30,32,39,'2010-01-05'
44,48,53,'2010-01-06'
37,45,53,'2010-01-07'
37,44,51,'2010-01-08'
37,46,55,'2010-01-09'
35,42,46,'2010-01-10'
33,38,42,'2010-01-11'
35,38,41,'2010-01-12'
32,38,44,'2010-01-13'
33,37,41,'2010-01-14'
35,38,42,'2010-01-15'
35,37,39,'2010-01-16'
35,38,41,'2010-01-17'
32,37,42,'2010-01-18'
28,32,37,'2010-01-19'
24,30,37,'2010-01-20'
28,35,42,'2010-01-21'
26,30,35,'2010-01-22'
19,24,28,'2010-01-23'
15,24,32,'2010-01-24'
21,26,32,'2010-01-25'
28,30,33,'2010-01-26'
30,34,35,'2010-01-27'
26,30,35,'2010-01-28'
32,34,37,'2010-01-29'
32,37,42,'2010-01-30'
37,40,42,'2010-01-31'
30,36,41,'2010-02-01'
19,26,32,'2010-02-02'
14,24,35,'2010-02-03'
23,34,44,'2010-02-04'
24,33,42,'2010-02-05'
32,34,37,'2010-02-06'
33,37,41,'2010-02-07'
28,34,39,'2010-02-08'
21,29,37,'2010-02-09'
33,36,39,'2010-02-10'
33,40,46,'2010-02-11'
32,38,44,'2010-02-12'
33,37,41,'2010-02-13'
32,36,39,'2010-02-14'
32,37,42,'2010-02-15'
32,39,46,'2010-02-16'
37,40,44,'2010-02-17'
41,48,55,'2010-02-18'
33,44,55,'2010-02-19'
41,48,55,'2010-02-20'
33,38,44,'2010-02-21'
30,36,42,'2010-02-22'
37,42,46,'2010-02-23'
41,44,46,'2010-02-24'
37,44,51,'2010-02-25'
32,40,48,'2010-02-26'
37,44,50,'2010-02-27'
32,38,44,'2010-02-28'
32,44,57,'2010-03-01'
41,46,51,'2010-03-02'
35,44,53,'2010-03-03'
41,44,46,'2010-03-04'
35,40,46,'2010-03-05'
24,30,35,'2010-03-06'
24,32,41,'2010-03-07'
28,30,32,'2010-03-08'
28,34,41,'2010-03-09'
32,37,41,'2010-03-10'
32,38,44,'2010-03-11'
35,40,46,'2010-03-12'
30,38,46,'2010-03-13'
33,38,44,'2010-03-14'
26,37,48,'2010-03-15'
26,37,48,'2010-03-16'
28,39,50,'2010-03-17'
28,40,53,'2010-03-18'
28,40,53,'2010-03-19'
28,42,57,'2010-03-20'
32,44,57,'2010-03-21'
35,47,59,'2010-03-22'
48,50,53,'2010-03-23'
46,50,55,'2010-03-24'
46,54,62,'2010-03-25'
41,50,60,'2010-03-26'
39,52,64,'2010-03-27'
41,48,55,'2010-03-28'
32,44,57,'2010-03-29'
33,48,62,'2010-03-30'
46,52,59,'2010-03-31'
41,52,60,'2010-04-01'
37,48,60,'2010-04-02'
33,46,59,'2010-04-03'
35,52,68,'2010-04-04'
41,49,57,'2010-04-05'
41,47,53,'2010-04-06'
33,45,57,'2010-04-07'
41,50,60,'2010-04-08'
37,50,64,'2010-04-09'
41,50,60,'2010-04-10'
42,48,55,'2010-04-11'
41,49,57,'2010-04-12'
44,47,50,'2010-04-13'
44,50,55,'2010-04-14'
46,50,55,'2010-04-15'
46,53,60,'2010-04-16'
50,55,60,'2010-04-17'
51,58,64,'2010-04-18'
50,52,53,'2010-04-19'
44,50,55,'2010-04-20'
37,50,62,'2010-04-21'
35,50,66,'2010-04-22'
41,52,62,'2010-04-23'
46,53,60,'2010-04-24'
51,58,66,'2010-04-25'
50,57,64,'2010-04-26'
46,54,62,'2010-04-27'
39,52,64,'2010-04-28'
48,57,66,'2010-04-29'
39,54,68,'2010-04-30'
41,56,71,'2010-05-01'
41,56,71,'2010-05-02'
46,60,73,'2010-05-03'
44,58,71,'2010-05-04'
51,61,71,'2010-05-05'
53,63,73,'2010-05-06'
46,55,64,'2010-05-07'
42,51,60,'2010-05-08'
42,54,66,'2010-05-09'
39,54,69,'2010-05-10'
46,60,75,'2010-05-11'
51,64,77,'2010-05-12'
50,60,71,'2010-05-13'
44,58,73,'2010-05-14'
53,58,64,'2010-05-15'
48,52,55,'2010-05-16'
46,50,55,'2010-05-17'
42,50,57,'2010-05-18'
41,50,60,'2010-05-19'
46,52,57,'2010-05-20'
46,50,55,'2010-05-21'
46,55,64,'2010-05-22'
46,55,64,'2010-05-23'
48,58,68,'2010-05-24'
42,56,69,'2010-05-25'
48,62,75,'2010-05-26'
46,62,78,'2010-05-27'
51,58,62,'2010-05-28'
48,62,77,'2010-05-29'
50,60,71,'2010-05-30'
55,63,71,'2010-05-31'
46,56,64,'2010-06-01'
41,55,69,'2010-06-02'
46,58,69,'2010-06-03'
50,59,68,'2010-06-04'
53,61,69,'2010-06-05'
53,63,73,'2010-06-06'
50,62,75,'2010-06-07'
51,64,77,'2010-06-08'
51,64,77,'2010-06-09'
53,66,78,'2010-06-10'
55,68,80,'2010-06-11'
59,72,86,'2010-06-12'
60,72,84,'2010-06-13'
60,73,86,'2010-06-14'
59,72,84,'2010-06-15'
62,74,87,'2010-06-16'
59,72,84,'2010-06-17'
55,71,87,'2010-06-18'
57,66,75,'2010-06-19'
55,62,69,'2010-06-20'
51,58,66,'2010-06-21'
51,56,62,'2010-06-22'
48,57,66,'2010-06-23'
48,60,71,'2010-06-24'
46,57,68,'2010-06-25'
46,58,71,'2010-06-26'
46,58,71,'2010-06-27'
57,65,73,'2010-06-28'
53,64,75,'2010-06-29'
53,64,75,'2010-06-30'
53,66,78,'2010-07-01'
59,67,75,'2010-07-02'
57,66,75,'2010-07-03'
57,66,75,'2010-07-04'
55,66,78,'2010-07-05'
53,66,80,'2010-07-06'
59,68,78,'2010-07-07'
51,60,69,'2010-07-08'
50,62,75,'2010-07-09'
53,66,78,'2010-07-10'
59,68,78,'2010-07-11'
55,66,78,'2010-07-12'
57,70,82,'2010-07-13'
59,72,84,'2010-07-14'
59,72,84,'2010-07-15'
62,74,87,'2010-07-16'
60,71,80,'2010-07-17'
59,70,82,'2010-07-18'
60,71,82,'2010-07-19'
60,71,82,'2010-07-20'
59,72,84,'2010-07-21'
57,70,82,'2010-07-22'
59,72,84,'2010-07-23'
60,74,87,'2010-07-24'
57,67,77,'2010-07-25'
55,62,69,'2010-07-26'
51,62,71,'2010-07-27'
46,60,73,'2010-07-28'
50,64,78,'2010-07-29'
51,66,82,'2010-07-30'
55,68,82,'2010-07-31'
53,66,78,'2010-08-01'
59,70,80,'2010-08-02'
59,72,84,'2010-08-03'
59,70,82,'2010-08-04'
55,68,82,'2010-08-05'
60,71,82,'2010-08-06'
53,66,80,'2010-08-07'
53,66,78,'2010-08-08'
60,70,80,'2010-08-09'
60,71,82,'2010-08-10'
62,74,87,'2010-08-11'
60,74,87,'2010-08-12'
59,74,89,'2010-08-13'
60,76,91,'2010-08-14'
59,73,87,'2010-08-15'
57,74,91,'2010-08-16'
57,70,84,'2010-08-17'
51,68,84,'2010-08-18'
53,70,86,'2010-08-19'
59,73,87,'2010-08-20'
62,74,86,'2010-08-21'
60,72,84,'2010-08-22'
55,68,80,'2010-08-23'
53,70,86,'2010-08-24'
55,71,87,'2010-08-25'
59,72,86,'2010-08-26'
59,73,87,'2010-08-27'
57,72,87,'2010-08-28'
57,68,80,'2010-08-29'
57,68,78,'2010-08-30'
50,60,71,'2010-08-31'
44,56,69,'2010-09-01'
41,56,71,'2010-09-02'
42,56,69,'2010-09-03'
55,60,64,'2010-09-04'
50,62,75,'2010-09-05'
50,62,75,'2010-09-06'
48,62,77,'2010-09-07'
50,65,80,'2010-09-08'
51,64,77,'2010-09-09'
55,66,77,'2010-09-10'
57,60,62,'2010-09-11'
55,62,68,'2010-09-12'
48,58,69,'2010-09-13'
57,64,71,'2010-09-14'
50,60,71,'2010-09-15'
50,62,75,'2010-09-16'
46,62,77,'2010-09-17'
46,62,77,'2010-09-18'
48,63,78,'2010-09-19'
55,63,71,'2010-09-20'
51,60,69,'2010-09-21'
53,63,73,'2010-09-22'
50,60,71,'2010-09-23'
46,57,68,'2010-09-24'
55,58,60,'2010-09-25'
59,64,68,'2010-09-26'
51,60,68,'2010-09-27'
53,61,69,'2010-09-28'
50,58,66,'2010-09-29'
42,52,62,'2010-09-30'
41,52,64,'2010-10-01'
42,53,64,'2010-10-02'
44,55,66,'2010-10-03'
46,55,64,'2010-10-04'
46,55,64,'2010-10-05'
53,58,64,'2010-10-06'
51,55,59,'2010-10-07'
37,46,55,'2010-10-08'
32,44,55,'2010-10-09'
32,46,59,'2010-10-10'
41,46,51,'2010-10-11'
48,52,57,'2010-10-12'
51,58,64,'2010-10-13'
51,58,64,'2010-10-14'
50,55,60,'2010-10-15'
48,56,62,'2010-10-16'
48,57,66,'2010-10-17'
51,56,62,'2010-10-18'
51,56,60,'2010-10-19'
50,54,59,'2010-10-20'
46,53,60,'2010-10-21'
42,50,59,'2010-10-22'
44,53,62,'2010-10-23'
42,52,62,'2010-10-24'
41,47,53,'2010-10-25'
48,55,62,'2010-10-26'
39,46,53,'2010-10-27'
37,42,46,'2010-10-28'
33,40,48,'2010-10-29'
32,42,51,'2010-10-30'
32,46,59,'2010-10-31'
33,46,59,'2010-11-01'
33,45,57,'2010-11-02'
41,48,55,'2010-11-03'
41,51,60,'2010-11-04'
39,52,64,'2010-11-05'
35,46,57,'2010-11-06'
33,46,60,'2010-11-07'
50,54,59,'2010-11-08'
50,54,59,'2010-11-09'
57,60,62,'2010-11-10'
48,55,62,'2010-11-11'
37,49,59,'2010-11-12'
35,46,57,'2010-11-13'
37,48,59,'2010-11-14'
37,47,57,'2010-11-15'
37,47,57,'2010-11-16'
39,47,55,'2010-11-17'
37,46,55,'2010-11-18'
39,45,51,'2010-11-19'
37,46,55,'2010-11-20'
37,48,59,'2010-11-21'
42,51,60,'2010-11-22'
41,44,46,'2010-11-23'
39,44,50,'2010-11-24'
35,42,48,'2010-11-25'
39,45,51,'2010-11-26'
41,47,53,'2010-11-27'
35,47,59,'2010-11-28'
51,54,57,'2010-11-29'
48,52,57,'2010-11-30'
55,58,60,'2010-12-01'
42,51,60,'2010-12-02'
41,50,60,'2010-12-03'
33,43,53,'2010-12-04'
32,39,46,'2010-12-05'
32,41,50,'2010-12-06'
35,47,59,'2010-12-07'
35,45,55,'2010-12-08'
46,52,59,'2010-12-09'
24,32,41,'2010-12-10'
21,26,30,'2010-12-11'
21,31,41,'2010-12-12'
28,30,33,'2010-12-13'
17,24,32,'2010-12-14'
14,20,26,'2010-12-15'
14,20,26,'2010-12-16'
8,20,32,'2010-12-17'
19,30,42,'2010-12-18'
35,40,46,'2010-12-19'
32,41,50,'2010-12-20'
37,45,53,'2010-12-21'
32,40,48,'2010-12-22'
35,44,53,'2010-12-23'
37,46,55,'2010-12-24'
39,45,51,'2010-12-25'
37,42,46,'2010-12-26'
32,36,41,'2010-12-27'
26,30,35,'2010-12-28'
26,35,44,'2010-12-29'
23,32,41,'2010-12-30'
23,32,41,'2010-12-31'
24,33,42,'2011-01-01'
32,39,46,'2011-01-02'
30,34,37,'2011-01-03'
26,29,32,'2011-01-04'
28,32,37,'2011-01-05'
28,34,39,'2011-01-06'
28,38,46,'2011-01-07'
26,36,46,'2011-01-08'
28,38,48,'2011-01-09'
28,35,42,'2011-01-10'
32,36,39,'2011-01-11'
33,40,46,'2011-01-12'
32,42,51,'2011-01-13'
30,38,46,'2011-01-14'
30,40,50,'2011-01-15'
32,42,51,'2011-01-16'
28,38,46,'2011-01-17'
26,36,46,'2011-01-18'
26,36,46,'2011-01-19'
28,37,46,'2011-01-20'
35,40,44,'2011-01-21'
28,32,37,'2011-01-22'
28,32,37,'2011-01-23'
26,30,35,'2011-01-24'
12,21,30,'2011-01-25'
10,22,33,'2011-01-26'
14,26,39,'2011-01-27'
32,34,37,'2011-01-28'
32,34,37,'2011-01-29'
32,36,39,'2011-01-30'
26,32,39,'2011-01-31'
23,31,39,'2011-02-01'
23,32,41,'2011-02-02'
26,35,44,'2011-02-03'
26,35,44,'2011-02-04'
23,34,44,'2011-02-05'
24,37,50,'2011-02-06'
26,40,53,'2011-02-07'
24,36,48,'2011-02-08'
26,40,55,'2011-02-09'
28,40,51,'2011-02-10'
23,37,51,'2011-02-11'
28,39,50,'2011-02-12'
26,37,48,'2011-02-13'
35,42,48,'2011-02-14'
32,40,48,'2011-02-15'
32,39,46,'2011-02-16'
35,44,53,'2011-02-17'
37,44,50,'2011-02-18'
39,44,50,'2011-02-19'
35,40,46,'2011-02-20'
33,37,41,'2011-02-21'
35,40,44,'2011-02-22'
32,36,39,'2011-02-23'
32,34,35,'2011-02-24'
30,36,41,'2011-02-25'
32,36,39,'2011-02-26'
28,34,41,'2011-02-27'
32,37,42,'2011-02-28'
37,42,46,'2011-03-01'
35,38,41,'2011-03-02'
35,40,46,'2011-03-03'
35,40,44,'2011-03-04'
37,39,41,'2011-03-05'
33,38,42,'2011-03-06'
26,30,35,'2011-03-07'
23,28,33,'2011-03-08'
15,27,39,'2011-03-09'
17,32,46,'2011-03-10'
23,37,51,'2011-03-11'
26,40,53,'2011-03-12'
28,42,55,'2011-03-13'
35,46,57,'2011-03-14'
35,46,57,'2011-03-15'
32,48,64,'2011-03-16'
41,50,59,'2011-03-17'
37,46,55,'2011-03-18'
41,46,50,'2011-03-19'
39,42,46,'2011-03-20'
39,42,44,'2011-03-21'
37,42,48,'2011-03-22'
28,40,53,'2011-03-23'
35,45,55,'2011-03-24'
32,46,60,'2011-03-25'
32,44,57,'2011-03-26'
33,44,55,'2011-03-27'
33,45,57,'2011-03-28'
41,46,50,'2011-03-29'
39,49,59,'2011-03-30'
42,51,60,'2011-03-31'
46,54,62,'2011-04-01'
39,50,62,'2011-04-02'
39,50,60,'2011-04-03'
33,46,59,'2011-04-04'
37,46,55,'2011-04-05'
42,48,55,'2011-04-06'
39,52,66,'2011-04-07'
37,53,69,'2011-04-08'
39,55,71,'2011-04-09'
42,53,64,'2011-04-10'
32,46,59,'2011-04-11'
32,48,64,'2011-04-12'
35,47,59,'2011-04-13'
32,41,50,'2011-04-14'
32,42,53,'2011-04-15'
42,44,46,'2011-04-16'
42,46,51,'2011-04-17'
42,46,51,'2011-04-18'
39,48,57,'2011-04-19'
32,46,60,'2011-04-20'
33,50,66,'2011-04-21'
35,50,66,'2011-04-22'
37,52,66,'2011-04-23'
39,52,66,'2011-04-24'
42,56,69,'2011-04-25'
46,50,55,'2011-04-26'
44,48,51,'2011-04-27'
44,52,60,'2011-04-28'
41,50,59,'2011-04-29'
37,48,59,'2011-04-30'
48,54,60,'2011-05-01'
51,56,62,'2011-05-02'
50,54,57,'2011-05-03'
50,56,62,'2011-05-04'
46,50,53,'2011-05-05'
37,48,60,'2011-05-06'
33,50,66,'2011-05-07'
35,50,66,'2011-05-08'
42,46,50,'2011-05-09'
44,54,62,'2011-05-10'
39,52,66,'2011-05-11'
39,52,64,'2011-05-12'
37,52,68,'2011-05-13'
41,55,69,'2011-05-14'
41,57,73,'2011-05-15'
48,57,66,'2011-05-16'
46,54,62,'2011-05-17'
46,55,64,'2011-05-18'
46,55,64,'2011-05-19'
42,56,69,'2011-05-20'
44,58,71,'2011-05-21'
48,60,71,'2011-05-22'
51,63,75,'2011-05-23'
50,62,73,'2011-05-24'
48,60,71,'2011-05-25'
55,64,73,'2011-05-26'
55,64,73,'2011-05-27'
46,60,73,'2011-05-28'
48,57,66,'2011-05-29'
51,63,75,'2011-05-30'
51,60,69,'2011-05-31'
48,60,73,'2011-06-01'
51,63,75,'2011-06-02'
55,65,75,'2011-06-03'
55,64,73,'2011-06-04'
51,63,75,'2011-06-05'
55,65,75,'2011-06-06'
53,65,77,'2011-06-07'
55,68,80,'2011-06-08'
57,66,75,'2011-06-09'
50,67,84,'2011-06-10'
55,63,71,'2011-06-11'
53,61,69,'2011-06-12'
50,60,71,'2011-06-13'
50,62,73,'2011-06-14'
51,61,71,'2011-06-15'
50,60,71,'2011-06-16'
50,64,78,'2011-06-17'
51,64,78,'2011-06-18'
50,64,78,'2011-06-19'
51,64,78,'2011-06-20'
55,66,77,'2011-06-21'
51,64,78,'2011-06-22'
51,66,80,'2011-06-23'
55,68,82,'2011-06-24'
55,66,78,'2011-06-25'
50,60,69,'2011-06-26'
42,56,71,'2011-06-27'
44,58,71,'2011-06-28'
57,64,71,'2011-06-29'
51,64,78,'2011-06-30'
55,63,71,'2011-07-01'
55,66,78,'2011-07-02'
50,62,71,'2011-07-03'
42,58,75,'2011-07-04'
48,60,71,'2011-07-05'
57,67,75,'2011-07-06'
51,66,80,'2011-07-07'
53,68,82,'2011-07-08'
55,71,87,'2011-07-09'
55,71,87,'2011-07-10'
55,70,86,'2011-07-11'
59,73,87,'2011-07-12'
60,72,84,'2011-07-13'
59,73,87,'2011-07-14'
60,74,89,'2011-07-15'
59,74,89,'2011-07-16'
51,68,84,'2011-07-17'
53,68,84,'2011-07-18'
57,72,87,'2011-07-19'
55,68,82,'2011-07-20'
53,66,77,'2011-07-21'
46,62,78,'2011-07-22'
46,62,78,'2011-07-23'
53,66,80,'2011-07-24'
50,64,78,'2011-07-25'
48,62,75,'2011-07-26'
48,63,78,'2011-07-27'
51,68,84,'2011-07-28'
59,70,80,'2011-07-29'
51,64,77,'2011-07-30'
53,66,78,'2011-07-31'
55,67,77,'2011-08-01'
51,62,73,'2011-08-02'
55,68,80,'2011-08-03'
53,68,82,'2011-08-04'
57,68,78,'2011-08-05'
53,68,82,'2011-08-06'
53,68,84,'2011-08-07'
55,70,86,'2011-08-08'
53,70,87,'2011-08-09'
55,66,77,'2011-08-10'
53,64,75,'2011-08-11'
48,62,77,'2011-08-12'
50,65,80,'2011-08-13'
53,68,82,'2011-08-14'
57,70,84,'2011-08-15'
59,70,80,'2011-08-16'
57,72,87,'2011-08-17'
59,72,84,'2011-08-18'
60,72,84,'2011-08-19'
57,74,91,'2011-08-20'
62,74,87,'2011-08-21'
57,72,86,'2011-08-22'
53,68,84,'2011-08-23'
57,72,87,'2011-08-24'
57,73,89,'2011-08-25'
59,75,91,'2011-08-26'
57,70,82,'2011-08-27'
57,72,87,'2011-08-28'
55,68,80,'2011-08-29'
50,66,82,'2011-08-30'
53,68,82,'2011-08-31'
51,66,82,'2011-09-01'
51,66,82,'2011-09-02'
53,68,82,'2011-09-03'
55,68,80,'2011-09-04'
55,68,82,'2011-09-05'
59,70,80,'2011-09-06'
60,70,80,'2011-09-07'
53,68,84,'2011-09-08'
48,64,80,'2011-09-09'
59,70,82,'2011-09-10'
55,68,82,'2011-09-11'
53,68,82,'2011-09-12'
53,68,82,'2011-09-13'
53,68,82,'2011-09-14'
53,68,84,'2011-09-15'
55,70,84,'2011-09-16'
55,70,86,'2011-09-17'
53,68,84,'2011-09-18'
51,64,78,'2011-09-19'
53,60,68,'2011-09-20'
53,58,64,'2011-09-21'
55,64,73,'2011-09-22'
50,60,71,'2011-09-23'
50,62,73,'2011-09-24'
55,66,77,'2011-09-25'
53,62,71,'2011-09-26'
51,63,75,'2011-09-27'
48,60,73,'2011-09-28'
44,60,75,'2011-09-29'
48,60,73,'2011-09-30'
50,60,69,'2011-10-01'
46,60,73,'2011-10-02'
48,58,69,'2011-10-03'
44,56,69,'2011-10-04'
42,56,69,'2011-10-05'
44,56,69,'2011-10-06'
41,55,69,'2011-10-07'
46,55,62,'2011-10-08'
41,44,48,'2011-10-09'
42,48,53,'2011-10-10'
41,52,62,'2011-10-11'
44,54,64,'2011-10-12'
42,56,69,'2011-10-13'
41,46,51,'2011-10-14'
41,44,46,'2011-10-15'
32,40,48,'2011-10-16'
28,38,48,'2011-10-17'
23,37,51,'2011-10-18'
24,40,57,'2011-10-19'
28,44,60,'2011-10-20'
32,46,60,'2011-10-21'
44,53,62,'2011-10-22'
42,48,53,'2011-10-23'
46,50,55,'2011-10-24'
44,52,60,'2011-10-25'
50,54,59,'2011-10-26'
37,48,57,'2011-10-27'
35,44,53,'2011-10-28'
32,44,55,'2011-10-29'
32,42,53,'2011-10-30'
30,42,55,'2011-10-31'
30,42,55,'2011-11-01'
30,42,55,'2011-11-02'
30,44,57,'2011-11-03'
30,42,55,'2011-11-04'
30,42,55,'2011-11-05'
32,42,53,'2011-11-06'
44,48,51,'2011-11-07'
46,50,55,'2011-11-08'
39,46,53,'2011-11-09'
42,48,55,'2011-11-10'
42,46,50,'2011-11-11'
33,40,46,'2011-11-12'
30,37,44,'2011-11-13'
30,38,46,'2011-11-14'
26,36,46,'2011-11-15'
24,35,46,'2011-11-16'
26,36,46,'2011-11-17'
23,34,46,'2011-11-18'
23,34,46,'2011-11-19'
23,36,50,'2011-11-20'
24,35,46,'2011-11-21'
26,35,44,'2011-11-22'
35,42,50,'2011-11-23'
42,46,50,'2011-11-24'
41,44,46,'2011-11-25'
28,39,48,'2011-11-26'
26,36,46,'2011-11-27'
24,37,50,'2011-11-28'
28,40,51,'2011-11-29'
26,37,48,'2011-11-30'
24,36,48,'2011-12-01'
26,38,51,'2011-12-02'
24,35,46,'2011-12-03'
30,40,50,'2011-12-04'
48,50,53,'2011-12-05'
42,48,51,'2011-12-06'
28,38,48,'2011-12-07'
26,38,50,'2011-12-08'
21,32,42,'2011-12-09'
26,36,46,'2011-12-10'
35,44,53,'2011-12-11'
37,47,57,'2011-12-12'
35,43,51,'2011-12-13'
32,41,50,'2011-12-14'
30,40,50,'2011-12-15'
37,44,50,'2011-12-16'
37,44,50,'2011-12-17'
32,37,42,'2011-12-18'
33,36,39,'2011-12-19'
32,36,39,'2011-12-20'
30,34,39,'2011-12-21'
28,30,32,'2011-12-22'
28,30,33,'2011-12-23'
21,27,33,'2011-12-24'
23,31,39,'2011-12-25'
30,34,37,'2011-12-26'
26,34,41,'2011-12-27'
21,30,39,'2011-12-28'
21,29,37,'2011-12-29'
23,31,39,'2011-12-30'
28,34,39,'2011-12-31'
23,32,41,'2012-01-01'
19,30,41,'2012-01-02'
23,32,42,'2012-01-03'
24,30,37,'2012-01-04'
28,37,46,'2012-01-05'
32,38,44,'2012-01-06'
26,32,37,'2012-01-07'
21,30,39,'2012-01-08'
19,27,35,'2012-01-09'
21,29,37,'2012-01-10'
26,32,37,'2012-01-11'
23,33,42,'2012-01-12'
19,32,44,'2012-01-13'
12,26,39,'2012-01-14'
6,20,33,'2012-01-15'
5,18,30,'2012-01-16'
6,18,30,'2012-01-17'
8,20,33,'2012-01-18'
10,24,37,'2012-01-19'
23,32,41,'2012-01-20'
21,32,41,'2012-01-21'
17,29,41,'2012-01-22'
30,39,48,'2012-01-23'
33,38,42,'2012-01-24'
26,32,39,'2012-01-25'
26,30,35,'2012-01-26'
24,28,33,'2012-01-27'
21,28,35,'2012-01-28'
30,34,37,'2012-01-29'
24,28,33,'2012-01-30'
19,26,32,'2012-01-31'
17,24,32,'2012-02-01'
23,24,26,'2012-02-02'
26,32,37,'2012-02-03'
32,36,39,'2012-02-04'
23,30,37,'2012-02-05'
21,29,37,'2012-02-06'
23,26,30,'2012-02-07'
19,22,26,'2012-02-08'
17,24,30,'2012-02-09'
19,24,30,'2012-02-10'
24,28,33,'2012-02-11'
32,34,37,'2012-02-12'
21,28,33,'2012-02-13'
15,22,30,'2012-02-14'
12,22,33,'2012-02-15'
21,30,39,'2012-02-16'
10,21,32,'2012-02-17'
12,26,41,'2012-02-18'
12,26,41,'2012-02-19'
30,39,48,'2012-02-20'
28,37,46,'2012-02-21'
37,42,46,'2012-02-22'
26,37,48,'2012-02-23'
23,36,48,'2012-02-24'
24,38,53,'2012-02-25'
32,38,44,'2012-02-26'
23,30,35,'2012-02-27'
19,26,32,'2012-02-28'
19,32,46,'2012-02-29'
26,36,46,'2012-03-01'
23,36,48,'2012-03-02'
26,38,51,'2012-03-03'
30,42,53,'2012-03-04'
33,42,51,'2012-03-05'
33,40,48,'2012-03-06'
32,36,39,'2012-03-07'
32,32,33,'2012-03-08'
33,38,42,'2012-03-09'
35,36,37,'2012-03-10'
35,38,41,'2012-03-11'
32,36,39,'2012-03-12'
32,39,46,'2012-03-13'
28,40,51,'2012-03-14'
30,40,50,'2012-03-15'
30,42,53,'2012-03-16'
26,42,57,'2012-03-17'
28,44,59,'2012-03-18'
30,45,60,'2012-03-19'
32,50,69,'2012-03-20'
33,46,60,'2012-03-21'
35,48,60,'2012-03-22'
33,46,60,'2012-03-23'
35,48,62,'2012-03-24'
41,50,60,'2012-03-25'
35,48,62,'2012-03-26'
39,48,57,'2012-03-27'
33,46,60,'2012-03-28'
30,46,62,'2012-03-29'
46,52,59,'2012-03-30'
33,46,60,'2012-03-31'
35,48,60,'2012-04-01'
33,42,51,'2012-04-02'
33,50,66,'2012-04-03'
41,49,57,'2012-04-04'
37,46,55,'2012-04-05'
48,52,55,'2012-04-06'
41,50,60,'2012-04-07'
41,48,53,'2012-04-08'
33,42,47,'2012-04-09'
32,40,49,'2012-04-10'
30,42,53,'2012-04-11'
41,48,55,'2012-04-12'
37,44,50,'2012-04-13'
46,50,55,'2012-04-14'
46,50,55,'2012-04-15'
39,47,55,'2012-04-16'
46,52,59,'2012-04-17'
42,45,48,'2012-04-18'
46,50,55,'2012-04-19'
42,46,51,'2012-04-20'
39,45,51,'2012-04-21'
32,46,59,'2012-04-22'
41,50,60,'2012-04-23'
50,60,69,'2012-04-24'
42,51,60,'2012-04-25'
32,49,66,'2012-04-26'
39,58,77,'2012-04-27'
48,60,71,'2012-04-28'
46,60,75,'2012-04-29'
42,58,75,'2012-04-30'
46,62,79,'2012-05-01'
48,63,78,'2012-05-02'
48,58,69,'2012-05-03'
44,58,71,'2012-05-04'
39,55,71,'2012-05-05'
41,56,71,'2012-05-06'
42,58,73,'2012-05-07'
44,58,73,'2012-05-08'
50,60,71,'2012-05-09'
48,60,71,'2012-05-10'
48,62,77,'2012-05-11'
48,62,75,'2012-05-12'
46,60,75,'2012-05-13'
46,55,64,'2012-05-14'
46,48,50,'2012-05-15'
48,54,60,'2012-05-16'
46,50,53,'2012-05-17'
46,55,64,'2012-05-18'
41,55,69,'2012-05-19'
46,59,72,'2012-05-20'
50,60,71,'2012-05-21'
50,55,60,'2012-05-22'
50,55,60,'2012-05-23'
48,56,65,'2012-05-24'
50,60,69,'2012-05-25'
53,58,62,'2012-05-26'
50,55,60,'2012-05-27'
44,54,64,'2012-05-28'
46,55,64,'2012-05-29'
44,53,62,'2012-05-30'
42,56,71,'2012-05-31'
46,60,73,'2012-06-01'
46,60,75,'2012-06-02'
48,62,77,'2012-06-03'
48,63,78,'2012-06-04'
53,60,66,'2012-06-05'
48,60,72,'2012-06-06'
48,62,77,'2012-06-07'
50,66,81,'2012-06-08'
53,69,85,'2012-06-09'
57,68,80,'2012-06-10'
53,66,80,'2012-06-11'
50,66,82,'2012-06-12'
53,66,78,'2012-06-13'
44,61,78,'2012-06-14'
51,64,78,'2012-06-15'
64,74,83,'2012-06-16'
53,68,84,'2012-06-17'
57,72,86,'2012-06-18'
51,69,87,'2012-06-19'
71,78,84,'2012-06-20'
71,78,86,'2012-06-21'
62,72,82,'2012-06-22'
71,78,84,'2012-06-23'
64,71,78,'2012-06-24'
66,76,85,'2012-06-25'
57,70,82,'2012-06-26'
64,71,78,'2012-06-27'
66,74,81,'2012-06-28'
66,76,83,'2012-06-29'
66,75,84,'2012-06-30'
57,72,87,'2012-07-01'
59,70,82,'2012-07-02'
55,72,89,'2012-07-03'
57,71,85,'2012-07-04'
60,74,89,'2012-07-05'
59,73,87,'2012-07-06'
57,72,87,'2012-07-07'
59,72,86,'2012-07-08'
60,74,89,'2012-07-09'
60,76,91,'2012-07-10'
57,74,91,'2012-07-11'
51,70,90,'2012-07-12'
53,70,87,'2012-07-13'
57,74,91,'2012-07-14'
53,74,95,'2012-07-15'
77,83,89,'2012-07-16'
62,72,83,'2012-07-17'
69,76,84,'2012-07-18'
68,76,83,'2012-07-19'
62,74,87,'2012-07-20'
53,72,92,'2012-07-21'
53,72,90,'2012-07-22'
62,74,86,'2012-07-23'
64,74,84,'2012-07-24'
62,72,82,'2012-07-25'
57,70,84,'2012-07-26'
60,74,87,'2012-07-27'
62,74,85,'2012-07-28'
59,76,93,'2012-07-29'
59,75,91,'2012-07-30'
64,76,89,'2012-07-31'
60,70,80,'2012-08-01'
55,68,80,'2012-08-02'
55,71,87,'2012-08-03'
57,72,88,'2012-08-04'
59,73,87,'2012-08-05'
55,73,91,'2012-08-06'
59,78,96,'2012-08-07'
60,74,89,'2012-08-08'
66,80,93,'2012-08-09'
60,72,84,'2012-08-10'
57,67,77,'2012-08-11'
53,65,77,'2012-08-12'
48,63,78,'2012-08-13'
50,65,80,'2012-08-14'
51,67,83,'2012-08-15'
53,70,86,'2012-08-16'
60,73,86,'2012-08-17'
57,72,86,'2012-08-18'
59,70,82,'2012-08-19'
57,70,83,'2012-08-20'
55,70,86,'2012-08-21'
57,75,93,'2012-08-22'
57,74,90,'2012-08-23'
55,72,89,'2012-08-24'
57,72,86,'2012-08-25'
55,72,89,'2012-08-26'
53,66,80,'2012-08-27'
48,65,82,'2012-08-28'
48,64,80,'2012-08-29'
50,66,82,'2012-08-30'
51,68,84,'2012-08-31'
53,69,85,'2012-09-01'
51,67,83,'2012-09-02'
51,66,81,'2012-09-03'
51,66,80,'2012-09-04'
55,70,84,'2012-09-05'
55,68,82,'2012-09-06'
57,68,80,'2012-09-07'
57,68,80,'2012-09-08'
53,66,79,'2012-09-09'
57,68,79,'2012-09-10'
51,63,75,'2012-09-11'
50,64,77,'2012-09-12'
48,64,80,'2012-09-13'
59,64,69,'2012-09-14'
55,63,71,'2012-09-15'
53,58,64,'2012-09-16'
53,62,71,'2012-09-17'
51,63,75,'2012-09-18'
51,62,73,'2012-09-19'
48,58,68,'2012-09-20'
41,52,62,'2012-09-21'
35,52,70,'2012-09-22'
42,57,72,'2012-09-23'
46,63,80,'2012-09-24'
50,64,78,'2012-09-25'
50,64,78,'2012-09-26'
50,64,77,'2012-09-27'
50,64,77,'2012-09-28'
50,64,77,'2012-09-29'
50,64,78,'2012-09-30'
48,63,78,'2012-10-01'
50,64,77,'2012-10-02'
50,60,71,'2012-10-03'
46,58,71,'2012-10-04'
46,58,71,'2012-10-05'
48,60,73,'2012-10-06'
46,60,73,'2012-10-07'
51,63,75,'2012-10-08'
44,54,64,'2012-10-09'
44,53,62,'2012-10-10'
42,56,69,'2012-10-11'
46,55,64,'2012-10-12'
51,60,69,'2012-10-13'
57,62,68,'2012-10-14'
51,60,69,'2012-10-15'
50,58,66,'2012-10-16'
46,58,69,'2012-10-17'
41,52,64,'2012-10-18'
42,56,69,'2012-10-19'
41,54,68,'2012-10-20'
41,54,66,'2012-10-21'
37,50,64,'2012-10-22'
44,55,66,'2012-10-23'
41,52,64,'2012-10-24'
41,54,66,'2012-10-25'
37,52,66,'2012-10-26'
41,52,62,'2012-10-27'
57,62,66,'2012-10-28'
46,52,59,'2012-10-29'
35,45,53,'2012-10-30'
35,45,55,'2012-10-31'
46,50,54,'2012-11-01'
51,58,64,'2012-11-02'
42,51,60,'2012-11-03'
42,52,62,'2012-11-04'
50,56,62,'2012-11-05'
57,60,63,'2012-11-06'
48,52,53,'2012-11-07'
41,48,55,'2012-11-08'
32,42,53,'2012-11-09'
41,48,55,'2012-11-10'
33,44,55,'2012-11-11'
39,46,53,'2012-11-12'
39,49,59,'2012-11-13'
51,53,55,'2012-11-14'
46,47,48,'2012-11-15'
48,52,57,'2012-11-16'
46,52,57,'2012-11-17'
37,47,57,'2012-11-18'
48,52,55,'2012-11-19'
51,52,53,'2012-11-20'
50,52,55,'2012-11-21'
48,52,57,'2012-11-22'
42,46,51,'2012-11-23'
42,48,55,'2012-11-24'
41,47,53,'2012-11-25'
41,47,53,'2012-11-26'
41,46,50,'2012-11-27'
44,52,59,'2012-11-28'
50,52,55,'2012-11-29'
50,52,55,'2012-11-30'
42,48,55,'2012-12-01'
39,44,48,'2012-12-02'
35,40,46,'2012-12-03'
24,32,39,'2012-12-04'
38,40,42,'2012-12-05'
30,32,33,'2012-12-06'
28,32,37,'2012-12-07'
32,36,41,'2012-12-08'
26,31,36,'2012-12-09'
19,28,37,'2012-12-10'
28,34,39,'2012-12-11'
14,24,33,'2012-12-12'
10,22,35,'2012-12-13'
19,28,37,'2012-12-14'
28,34,41,'2012-12-15'
33,36,39,'2012-12-16'
33,39,45,'2012-12-17'
35,37,39,'2012-12-18'
33,36,39,'2012-12-19'
30,36,41,'2012-12-20'
26,32,37,'2012-12-21'
30,32,33,'2012-12-22'
23,29,35,'2012-12-23'
24,35,46,'2012-12-24'
26,36,46,'2012-12-25'
32,36,40,'2012-12-26'
35,40,46,'2012-12-27'
35,40,46,'2012-12-28'
39,40,42,'2012-12-29'
33,40,48,'2012-12-30'
28,36,44,'2012-12-31'
